<?xml version="1.0" encoding="UTF-8"?>
<project-private xmlns="http://www.netbeans.org/ns/project-private/1">
    <editor-bookmarks xmlns="http://www.netbeans.org/ns/editor-bookmarks/2" lastBookmarkId="0"/>
    <open-files xmlns="http://www.netbeans.org/ns/projectui-open-files/2">
        <group>
            <file>file:/C:/Users/TUF/Downloads/JavaApplication1/src/Conn_pack/bal_check.java</file>
            <file>file:/C:/Users/TUF/Downloads/JavaApplication1/src/Conn_pack/add_bal.java</file>
            <file>file:/C:/Users/TUF/Downloads/JavaApplication1/src/javaapplication1/book_ticket.java</file>
            <file>file:/C:/Users/TUF/Downloads/JavaApplication1/src/Conn_pack/Empty_seats.java</file>
            <file>file:/C:/Users/TUF/Downloads/JavaApplication1/src/javaapplication1/sign_up.java</file>
            <file>file:/C:/Users/TUF/Downloads/JavaApplication1/src/Conn_pack/Cancle.java</file>
            <file>file:/C:/Users/TUF/Downloads/JavaApplication1/src/javaapplication1/logo.jpg</file>
            <file>file:/C:/Users/TUF/Downloads/JavaApplication1/src/Conn_pack/Booking.java</file>
            <file>file:/C:/Users/TUF/Downloads/JavaApplication1/src/javaapplication1/login.java</file>
            <file>file:/C:/Users/TUF/Downloads/JavaApplication1/src/javaapplication1/dashboard.java</file>
            <file>file:/C:/Users/TUF/Downloads/JavaApplication1/src/javaapplication1/dash_logo.jpg</file>
            <file>file:/C:/Users/TUF/Downloads/JavaApplication1/src/javaapplication1/booking.java</file>
        </group>
    </open-files>
</project-private>
